Warp CUDA error: Failed to get driver entry point 'cuDeviceGetUuid' (CUDA error 1)
Warp CUDA error: Function cuDeviceGetUuid_f: a suitable driver entry point was not found
Warp CUDA error 36: API call is not supported in the installed CUDA driver (in function cuda_init, /builds/omniverse/warp/warp/native/warp.cu:277)
/home/maybe/code/rl/env_isaaclab/lib/python3.11/site-packages/torch/backends/__init__.py:46: UserWarning: Please use the new API settings to control TF32 behavior, such as torch.backends.cudnn.conv.fp32_precision = 'tf32' or torch.backends.cuda.matmul.fp32_precision = 'ieee'. Old settings, e.g, torch.backends.cuda.matmul.allow_tf32 = True, torch.backends.cudnn.allow_tf32 = True, allowTF32CuDNN() and allowTF32CuBLAS() will be deprecated after Pytorch 2.9. Please see https://pytorch.org/docs/main/notes/cuda.html#tensorfloat-32-tf32-on-ampere-and-later-devices (Triggered internally at /pytorch/aten/src/ATen/Context.cpp:80.)
  self.setter(val)
[INFO][AppLauncher]: Using device: cuda:0
[INFO][AppLauncher]: Loading experience file: /home/maybe/code/AD/IsaacLab/apps/isaaclab.python.headless.kit
[INFO]: Parsing configuration from: mos_one.tasks.direct.mos2026_2_closed_usd.mos2026_2_closed_usd_env_cfg:Mos20262ClosedUsdEnvCfg
[INFO]: Parsing configuration from: mos_one.tasks.direct.mos2026_2_closed_usd.agents.rsl_rl_ppo_cfg:Mos20262ClosedUsdPPORunnerCfg
[MosOne] Scaling PhysX GPU caps for 10.0 GB budget (scale=0.312):
  gpu_found_lost_pairs_capacity: 8388608 -> 2621440
  gpu_found_lost_aggregate_pairs_capacity: 33554432 -> 10485760
  gpu_total_aggregate_pairs_capacity: 16777216 -> 5242880
  gpu_max_rigid_contact_count: 8388608 -> 2621440
  gpu_max_rigid_patch_count: 1048576 -> 327680
[INFO] Logging experiment in directory: /home/maybe/code/rl/Mos-One/logs/rsl_rl/mos2026_2_closed_usd/2026-07-19_08-05-18
swanlab: Currently logged in as: maybe2122 to https://api.swanlab.cn. Use 
`swanlab login --relogin` to force relogin
swanlab: Tracking run with swanlab version 0.8.0
swanlab: 💾 Run data saved at 
/home/maybe/code/rl/Mos-One/logs/rsl_rl/mos2026_2_closed_usd/2026-07-19_08-05-18
/run-20260719_080518-ioo4wlow
swanlab: 📁 View project at https://swanlab.cn/@maybe2122/mos_one-mos
swanlab: 🚀 View run 2026-07-19_08-05-18 at 
https://swanlab.cn/@maybe2122/mos_one-mos/runs/ioo4wlow
[SwanLab] 已启用 project=mos_one-mos exp=2026-07-19_08-05-18 mode=cloud
Setting seed: 42
[INFO]: Base environment:
	Environment device    : cuda:0
	Environment seed      : 42
	Physics step-size     : 0.005
	Rendering step-size   : 0.02
	Environment step-size : 0.02
[INFO] Generating terrains based on curriculum took : 0.118649 seconds
[INFO]: Time taken for scene creation : 9.673899 seconds
[INFO]: Scene manager:  <class InteractiveScene>
	Number of environments: 8192
	Environment spacing   : 4.0
	Source prim name      : /World/envs/env_0
	Global prim paths     : ['/World/ground']
	Replicate physics     : True
[INFO]: Starting the simulation. This may take a few seconds. Please wait...
[INFO]: Time taken for simulation start : 5.254693 seconds
[INFO]: Completed setting up the environment...
[MosOne] Resolved 4 foot bodies for slip penalty: ['fl_shank_link_a', 'fr_shank_link_a', 'rl_shank_link_a', 'rr_shank_link_a']
/home/maybe/code/rl/env_isaaclab/lib/python3.11/site-packages/rsl_rl/utils/utils.py:244: UserWarning: The observation configuration dictionary 'obs_groups' must contain the 'policy' key. As an observation group with the name 'policy' was found, this is assumed to be the observation set. Consider adding the 'policy' key to the 'obs_groups' dictionary for clarity. This behavior will be removed in a future version.
  warnings.warn(
/home/maybe/code/rl/env_isaaclab/lib/python3.11/site-packages/rsl_rl/utils/utils.py:282: UserWarning: The observation configuration dictionary 'obs_groups' must contain the 'critic' key. As an observation group with the name 'critic' was found, this is assumed to be the observation set. Consider adding the 'critic' key to the 'obs_groups' dictionary for clarity. This behavior will be removed in a future version.
  warnings.warn(
--------------------------------------------------------------------------------
Resolved observation sets: 
	 policy :  ['policy']
	 critic :  ['critic']
--------------------------------------------------------------------------------
Actor MLP: MLP(
  (0): Linear(in_features=45, out_features=256, bias=True)
  (1): ELU(alpha=1.0)
  (2): Linear(in_features=256, out_features=256, bias=True)
  (3): ELU(alpha=1.0)
  (4): Linear(in_features=256, out_features=128, bias=True)
  (5): ELU(alpha=1.0)
  (6): Linear(in_features=128, out_features=12, bias=True)
)
Critic MLP: MLP(
  (0): Linear(in_features=66, out_features=256, bias=True)
  (1): ELU(alpha=1.0)
  (2): Linear(in_features=256, out_features=256, bias=True)
  (3): ELU(alpha=1.0)
  (4): Linear(in_features=256, out_features=128, bias=True)
  (5): ELU(alpha=1.0)
  (6): Linear(in_features=128, out_features=1, bias=True)
)
################################################################################
                      [1m Learning iteration 0/3000 [0m                       

                       Computation: 33752 steps/s (collection: 5.655s, learning 0.170s)
             Mean action noise std: 1.00
          Mean value_function loss: 0.4152
               Mean surrogate loss: 0.0876
                 Mean entropy loss: 17.0568
                       Mean reward: 0.51
               Mean episode length: 16.71
--------------------------------------------------------------------------------
                   Total timesteps: 196608
                    Iteration time: 5.82s
                      Time elapsed: 00:00:05
                               ETA: 04:51:14

Could not find git repository in /home/maybe/code/rl/env_isaaclab/lib/python3.11/site-packages/rsl_rl/__init__.py. Skipping.
################################################################################
                      [1m Learning iteration 1/3000 [0m                       

                       Computation: 30154 steps/s (collection: 6.424s, learning 0.096s)
             Mean action noise std: 1.00
          Mean value_function loss: 0.2297
               Mean surrogate loss: 0.0033
                 Mean entropy loss: 17.0691
                       Mean reward: 0.75
               Mean episode length: 19.86
--------------------------------------------------------------------------------
                   Total timesteps: 393216
                    Iteration time: 6.52s
                      Time elapsed: 00:00:12
                               ETA: 05:08:31

################################################################################
                      [1m Learning iteration 2/3000 [0m                       

                       Computation: 30387 steps/s (collection: 6.371s, learning 0.099s)
             Mean action noise std: 1.01
          Mean value_function loss: 0.2078
               Mean surrogate loss: 0.0021
                 Mean entropy loss: 17.0927
                       Mean reward: 0.67
               Mean episode length: 18.05
--------------------------------------------------------------------------------
                   Total timesteps: 589824
                    Iteration time: 6.47s
                      Time elapsed: 00:00:18
                               ETA: 05:13:22

################################################################################
                      [1m Learning iteration 3/3000 [0m                       

                       Computation: 30091 steps/s (collection: 6.436s, learning 0.098s)
             Mean action noise std: 1.01
          Mean value_function loss: 0.2056
               Mean surrogate loss: -0.0002
                 Mean entropy loss: 17.1415
                       Mean reward: 0.65
               Mean episode length: 18.45
--------------------------------------------------------------------------------
                   Total timesteps: 786432
                    Iteration time: 6.53s
                      Time elapsed: 00:00:25
                               ETA: 05:16:32

################################################################################
                      [1m Learning iteration 4/3000 [0m                       

                       Computation: 30181 steps/s (collection: 6.418s, learning 0.096s)
             Mean action noise std: 1.02
          Mean value_function loss: 0.2246
               Mean surrogate loss: -0.0010
                 Mean entropy loss: 17.2175
                       Mean reward: 0.97
               Mean episode length: 23.26
--------------------------------------------------------------------------------
                   Total timesteps: 983040
                    Iteration time: 6.51s
                      Time elapsed: 00:00:31
                               ETA: 05:18:12

################################################################################
                      [1m Learning iteration 5/3000 [0m                       

                       Computation: 30559 steps/s (collection: 6.336s, learning 0.098s)
             Mean action noise std: 1.02
          Mean value_function loss: 0.2191
               Mean surrogate loss: 0.0005
                 Mean entropy loss: 17.2639
                       Mean reward: 0.86
               Mean episode length: 21.97
--------------------------------------------------------------------------------
                   Total timesteps: 1179648
                    Iteration time: 6.43s
                      Time elapsed: 00:00:38
                               ETA: 05:18:36

################################################################################
                      [1m Learning iteration 6/3000 [0m                       

                       Computation: 30028 steps/s (collection: 6.452s, learning 0.095s)
             Mean action noise std: 1.03
          Mean value_function loss: 0.2371
               Mean surrogate loss: 0.0000
                 Mean entropy loss: 17.3254
                       Mean reward: 1.71
               Mean episode length: 35.83
--------------------------------------------------------------------------------
                   Total timesteps: 1376256
                    Iteration time: 6.55s
                      Time elapsed: 00:00:44
                               ETA: 05:19:40

################################################################################
                      [1m Learning iteration 7/3000 [0m                       

                       Computation: 30802 steps/s (collection: 6.292s, learning 0.090s)
             Mean action noise std: 1.03
          Mean value_function loss: 0.2413
               Mean surrogate loss: 0.0001
                 Mean entropy loss: 17.3675
                       Mean reward: 1.27
               Mean episode length: 28.85
--------------------------------------------------------------------------------
                   Total timesteps: 1572864
                    Iteration time: 6.38s
                      Time elapsed: 00:00:51
                               ETA: 05:19:25

################################################################################
                      [1m Learning iteration 8/3000 [0m                       

                       Computation: 30124 steps/s (collection: 6.428s, learning 0.098s)
             Mean action noise std: 1.03
          Mean value_function loss: 0.2475
               Mean surrogate loss: -0.0021
                 Mean entropy loss: 17.4054
                       Mean reward: 1.60
               Mean episode length: 36.17
--------------------------------------------------------------------------------
                   Total timesteps: 1769472
                    Iteration time: 6.53s
                      Time elapsed: 00:00:57
                               ETA: 05:19:59

################################################################################
                      [1m Learning iteration 9/3000 [0m                       

                       Computation: 30141 steps/s (collection: 6.426s, learning 0.097s)
             Mean action noise std: 1.04
          Mean value_function loss: 0.2734
               Mean surrogate loss: -0.0022
                 Mean entropy loss: 17.4460
                       Mean reward: 1.90
               Mean episode length: 38.99
--------------------------------------------------------------------------------
                   Total timesteps: 1966080
                    Iteration time: 6.52s
                      Time elapsed: 00:01:04
                               ETA: 05:20:24

################################################################################
                      [1m Learning iteration 10/3000 [0m                      

                       Computation: 30007 steps/s (collection: 6.458s, learning 0.094s)
             Mean action noise std: 1.04
          Mean value_function loss: 0.2916
               Mean surrogate loss: 0.0001
                 Mean entropy loss: 17.4742
                       Mean reward: 3.77
               Mean episode length: 72.26
--------------------------------------------------------------------------------
                   Total timesteps: 2162688
                    Iteration time: 6.55s
                      Time elapsed: 00:01:10
                               ETA: 05:20:52

################################################################################
                      [1m Learning iteration 11/3000 [0m                      

                       Computation: 29258 steps/s (collection: 6.623s, learning 0.096s)
             Mean action noise std: 1.04
          Mean value_function loss: 0.3168
               Mean surrogate loss: -0.0013
                 Mean entropy loss: 17.4873
                       Mean reward: 3.82
               Mean episode length: 73.16
--------------------------------------------------------------------------------
                   Total timesteps: 2359296
                    Iteration time: 6.72s
                      Time elapsed: 00:01:17
                               ETA: 05:21:55

################################################################################
                      [1m Learning iteration 12/3000 [0m                      

                       Computation: 29181 steps/s (collection: 6.642s, learning 0.096s)
             Mean action noise std: 1.04
          Mean value_function loss: 0.3302
               Mean surrogate loss: 0.0003
                 Mean entropy loss: 17.5203
                       Mean reward: 5.69
               Mean episode length: 104.83
--------------------------------------------------------------------------------
                   Total timesteps: 2555904
                    Iteration time: 6.74s
                      Time elapsed: 00:01:24
                               ETA: 05:22:52

################################################################################
                      [1m Learning iteration 13/3000 [0m                      

                       Computation: 28784 steps/s (collection: 6.735s, learning 0.095s)
             Mean action noise std: 1.04
          Mean value_function loss: 0.3388
               Mean surrogate loss: -0.0026
                 Mean entropy loss: 17.5250
                       Mean reward: 3.80
               Mean episode length: 70.20
--------------------------------------------------------------------------------
                   Total timesteps: 2752512
                    Iteration time: 6.83s
                      Time elapsed: 00:01:31
                               ETA: 05:24:00

################################################################################
                      [1m Learning iteration 14/3000 [0m                      

                       Computation: 29654 steps/s (collection: 6.527s, learning 0.103s)
             Mean action noise std: 1.04
          Mean value_function loss: 0.3347
               Mean surrogate loss: -0.0016
                 Mean entropy loss: 17.5330
                       Mean reward: 4.96
               Mean episode length: 92.39
--------------------------------------------------------------------------------
                   Total timesteps: 2949120
                    Iteration time: 6.63s
                      Time elapsed: 00:01:37
                               ETA: 05:24:17

################################################################################
                      [1m Learning iteration 15/3000 [0m                      

                       Computation: 28804 steps/s (collection: 6.729s, learning 0.097s)
             Mean action noise std: 1.05
          Mean value_function loss: 0.3568
               Mean surrogate loss: -0.0014
                 Mean entropy loss: 17.5437
                       Mean reward: 4.98
               Mean episode length: 91.58
--------------------------------------------------------------------------------
                   Total timesteps: 3145728
                    Iteration time: 6.83s
                      Time elapsed: 00:01:44
                               ETA: 05:25:09

################################################################################
                      [1m Learning iteration 16/3000 [0m                      

                       Computation: 28399 steps/s (collection: 6.825s, learning 0.098s)
             Mean action noise std: 1.05
          Mean value_function loss: 0.3297
               Mean surrogate loss: -0.0030
                 Mean entropy loss: 17.5737
                       Mean reward: 4.37
               Mean episode length: 78.80
--------------------------------------------------------------------------------
                   Total timesteps: 3342336
                    Iteration time: 6.92s
                      Time elapsed: 00:01:51
                               ETA: 05:26:10

################################################################################
                      [1m Learning iteration 17/3000 [0m                      

                       Computation: 28873 steps/s (collection: 6.714s, learning 0.096s)
             Mean action noise std: 1.05
          Mean value_function loss: 0.3671
               Mean surrogate loss: 0.0003
                 Mean entropy loss: 17.6108
                       Mean reward: 4.71
               Mean episode length: 84.14
--------------------------------------------------------------------------------
                   Total timesteps: 3538944
                    Iteration time: 6.81s
                      Time elapsed: 00:01:58
                               ETA: 05:26:45

################################################################################
                      [1m Learning iteration 18/3000 [0m                      

                       Computation: 29050 steps/s (collection: 6.672s, learning 0.096s)
             Mean action noise std: 1.05
          Mean value_function loss: 0.3756
               Mean surrogate loss: -0.0033
                 Mean entropy loss: 17.6131
                       Mean reward: 7.12
               Mean episode length: 124.02
--------------------------------------------------------------------------------
                   Total timesteps: 3735552
                    Iteration time: 6.77s
                      Time elapsed: 00:02:05
                               ETA: 05:27:09

################################################################################
                      [1m Learning iteration 19/3000 [0m                      

                       Computation: 28915 steps/s (collection: 6.699s, learning 0.100s)
             Mean action noise std: 1.05
          Mean value_function loss: 0.3782
               Mean surrogate loss: -0.0008
                 Mean entropy loss: 17.6474
                       Mean reward: 5.66
               Mean episode length: 97.98
--------------------------------------------------------------------------------
                   Total timesteps: 3932160
                    Iteration time: 6.80s
                      Time elapsed: 00:02:11
                               ETA: 05:27:35

################################################################################
                      [1m Learning iteration 20/3000 [0m                      

                       Computation: 29446 steps/s (collection: 6.578s, learning 0.099s)
             Mean action noise std: 1.06
          Mean value_function loss: 0.3783
               Mean surrogate loss: 0.0018
                 Mean entropy loss: 17.7051
                       Mean reward: 7.23
               Mean episode length: 125.38
--------------------------------------------------------------------------------
                   Total timesteps: 4128768
                    Iteration time: 6.68s
                      Time elapsed: 00:02:18
                               ETA: 05:27:40

################################################################################
                      [1m Learning iteration 21/3000 [0m                      

                       Computation: 29210 steps/s (collection: 6.633s, learning 0.098s)
             Mean action noise std: 1.06
          Mean value_function loss: 0.3971
               Mean surrogate loss: 0.0003
                 Mean entropy loss: 17.7306
                       Mean reward: 8.33
               Mean episode length: 141.04
--------------------------------------------------------------------------------
                   Total timesteps: 4325376
                    Iteration time: 6.73s
                      Time elapsed: 00:02:25
                               ETA: 05:27:52

################################################################################
                      [1m Learning iteration 22/3000 [0m                      

                       Computation: 28880 steps/s (collection: 6.709s, learning 0.099s)
             Mean action noise std: 1.06
          Mean value_function loss: 0.4070
               Mean surrogate loss: -0.0026
                 Mean entropy loss: 17.7468
                       Mean reward: 8.86
               Mean episode length: 147.79
--------------------------------------------------------------------------------
                   Total timesteps: 4521984
                    Iteration time: 6.81s
                      Time elapsed: 00:02:32
                               ETA: 05:28:11

################################################################################
                      [1m Learning iteration 23/3000 [0m                      

                       Computation: 28802 steps/s (collection: 6.731s, learning 0.095s)
             Mean action noise std: 1.07
          Mean value_function loss: 0.4207
               Mean surrogate loss: -0.0027
                 Mean entropy loss: 17.7828
                       Mean reward: 8.09
               Mean episode length: 136.77
--------------------------------------------------------------------------------
                   Total timesteps: 4718592
                    Iteration time: 6.83s
                      Time elapsed: 00:02:38
                               ETA: 05:28:31

################################################################################
                      [1m Learning iteration 24/3000 [0m                      

                       Computation: 28567 steps/s (collection: 6.783s, learning 0.099s)
             Mean action noise std: 1.07
          Mean value_function loss: 0.4315
               Mean surrogate loss: -0.0033
                 Mean entropy loss: 17.8269
                       Mean reward: 10.66
               Mean episode length: 172.04
--------------------------------------------------------------------------------
                   Total timesteps: 4915200
                    Iteration time: 6.88s
                      Time elapsed: 00:02:45
                               ETA: 05:28:56

################################################################################
                      [1m Learning iteration 25/3000 [0m                      

                       Computation: 28469 steps/s (collection: 6.809s, learning 0.097s)
             Mean action noise std: 1.07
          Mean value_function loss: 0.4268
               Mean surrogate loss: -0.0005
                 Mean entropy loss: 17.8474
                       Mean reward: 5.38
               Mean episode length: 90.50
--------------------------------------------------------------------------------
                   Total timesteps: 5111808
                    Iteration time: 6.91s
                      Time elapsed: 00:02:52
                               ETA: 05:29:20

################################################################################
                      [1m Learning iteration 26/3000 [0m                      

                       Computation: 27630 steps/s (collection: 7.012s, learning 0.104s)
             Mean action noise std: 1.08
          Mean value_function loss: 0.4446
               Mean surrogate loss: 0.0005
                 Mean entropy loss: 17.8828
                       Mean reward: 10.46
               Mean episode length: 170.80
--------------------------------------------------------------------------------
                   Total timesteps: 5308416
                    Iteration time: 7.12s
                      Time elapsed: 00:02:59
                               ETA: 05:30:06

################################################################################
                      [1m Learning iteration 27/3000 [0m                      

                       Computation: 28355 steps/s (collection: 6.835s, learning 0.099s)
             Mean action noise std: 1.08
          Mean value_function loss: 0.4421
               Mean surrogate loss: -0.0021
                 Mean entropy loss: 17.9169
                       Mean reward: 8.32
               Mean episode length: 135.40
--------------------------------------------------------------------------------
                   Total timesteps: 5505024
                    Iteration time: 6.93s
                      Time elapsed: 00:03:06
                               ETA: 05:30:28

################################################################################
                      [1m Learning iteration 28/3000 [0m                      

                       Computation: 28696 steps/s (collection: 6.756s, learning 0.095s)
             Mean action noise std: 1.08
          Mean value_function loss: 0.4486
               Mean surrogate loss: -0.0026
                 Mean entropy loss: 17.9646
                       Mean reward: 13.25
               Mean episode length: 212.94
--------------------------------------------------------------------------------
                   Total timesteps: 5701632
                    Iteration time: 6.85s
                      Time elapsed: 00:03:13
                               ETA: 05:30:40

################################################################################
                      [1m Learning iteration 29/3000 [0m                      

                       Computation: 28517 steps/s (collection: 6.788s, learning 0.106s)
             Mean action noise std: 1.09
          Mean value_function loss: 0.4730
               Mean surrogate loss: -0.0024
                 Mean entropy loss: 17.9892
                       Mean reward: 7.73
               Mean episode length: 123.32
--------------------------------------------------------------------------------
                   Total timesteps: 5898240
                    Iteration time: 6.89s
                      Time elapsed: 00:03:20
                               ETA: 05:30:55

################################################################################
                      [1m Learning iteration 30/3000 [0m                      

                       Computation: 28761 steps/s (collection: 6.739s, learning 0.097s)
             Mean action noise std: 1.09
          Mean value_function loss: 0.4771
               Mean surrogate loss: -0.0022
                 Mean entropy loss: 18.0285
                       Mean reward: 9.32
               Mean episode length: 149.06
--------------------------------------------------------------------------------
                   Total timesteps: 6094848
                    Iteration time: 6.84s
                      Time elapsed: 00:03:27
                               ETA: 05:31:03

################################################################################
                      [1m Learning iteration 31/3000 [0m                      

                       Computation: 28539 steps/s (collection: 6.792s, learning 0.097s)
             Mean action noise std: 1.09
          Mean value_function loss: 0.4564
               Mean surrogate loss: -0.0048
                 Mean entropy loss: 18.0512
                       Mean reward: 10.61
               Mean episode length: 166.07
--------------------------------------------------------------------------------
                   Total timesteps: 6291456
                    Iteration time: 6.89s
                      Time elapsed: 00:03:34
                               ETA: 05:31:15

################################################################################
                      [1m Learning iteration 32/3000 [0m                      

                       Computation: 28008 steps/s (collection: 6.930s, learning 0.090s)
             Mean action noise std: 1.10
          Mean value_function loss: 0.4713
               Mean surrogate loss: -0.0017
                 Mean entropy loss: 18.1029
                       Mean reward: 10.03
               Mean episode length: 156.47
--------------------------------------------------------------------------------
                   Total timesteps: 6488064
                    Iteration time: 7.02s
                      Time elapsed: 00:03:41
                               ETA: 05:31:38

################################################################################
                      [1m Learning iteration 33/3000 [0m                      

                       Computation: 28347 steps/s (collection: 6.838s, learning 0.097s)
             Mean action noise std: 1.10
          Mean value_function loss: 0.5006
               Mean surrogate loss: -0.0039
                 Mean entropy loss: 18.1356
                       Mean reward: 12.23
               Mean episode length: 190.68
--------------------------------------------------------------------------------
                   Total timesteps: 6684672
                    Iteration time: 6.94s
                      Time elapsed: 00:03:48
                               ETA: 05:31:51

################################################################################
                      [1m Learning iteration 34/3000 [0m                      

                       Computation: 28544 steps/s (collection: 6.798s, learning 0.089s)
             Mean action noise std: 1.10
          Mean value_function loss: 0.5179
               Mean surrogate loss: -0.0031
                 Mean entropy loss: 18.1848
                       Mean reward: 10.10
               Mean episode length: 155.37
--------------------------------------------------------------------------------
                   Total timesteps: 6881280
                    Iteration time: 6.89s
                      Time elapsed: 00:03:55
                               ETA: 05:31:59

################################################################################
                      [1m Learning iteration 35/3000 [0m                      

                       Computation: 28619 steps/s (collection: 6.780s, learning 0.090s)
             Mean action noise std: 1.11
          Mean value_function loss: 0.5201
               Mean surrogate loss: -0.0003
                 Mean entropy loss: 18.2270
                       Mean reward: 10.43
               Mean episode length: 163.71
--------------------------------------------------------------------------------
                   Total timesteps: 7077888
                    Iteration time: 6.87s
                      Time elapsed: 00:04:01
                               ETA: 05:32:05

################################################################################
                      [1m Learning iteration 36/3000 [0m                      

                       Computation: 28421 steps/s (collection: 6.826s, learning 0.092s)
             Mean action noise std: 1.11
          Mean value_function loss: 0.4985
               Mean surrogate loss: -0.0031
                 Mean entropy loss: 18.2618
                       Mean reward: 12.50
               Mean episode length: 188.07
--------------------------------------------------------------------------------
                   Total timesteps: 7274496
                    Iteration time: 6.92s
                      Time elapsed: 00:04:08
                               ETA: 05:32:14

################################################################################
                      [1m Learning iteration 37/3000 [0m                      

                       Computation: 28364 steps/s (collection: 6.835s, learning 0.097s)
             Mean action noise std: 1.12
          Mean value_function loss: 0.5202
               Mean surrogate loss: -0.0032
                 Mean entropy loss: 18.3027
                       Mean reward: 19.05
               Mean episode length: 291.06
--------------------------------------------------------------------------------
                   Total timesteps: 7471104
                    Iteration time: 6.93s
                      Time elapsed: 00:04:15
                               ETA: 05:32:24

################################################################################
                      [1m Learning iteration 38/3000 [0m                      

                       Computation: 28210 steps/s (collection: 6.868s, learning 0.101s)
             Mean action noise std: 1.12
          Mean value_function loss: 0.5069
               Mean surrogate loss: -0.0029
                 Mean entropy loss: 18.3551
                       Mean reward: 14.59
               Mean episode length: 218.18
--------------------------------------------------------------------------------
                   Total timesteps: 7667712
                    Iteration time: 6.97s
                      Time elapsed: 00:04:22
                               ETA: 05:32:35

################################################################################
                      [1m Learning iteration 39/3000 [0m                      

                       Computation: 28059 steps/s (collection: 6.910s, learning 0.097s)
             Mean action noise std: 1.12
          Mean value_function loss: 0.5260
               Mean surrogate loss: 0.0003
                 Mean entropy loss: 18.3789
                       Mean reward: 13.93
               Mean episode length: 205.64
--------------------------------------------------------------------------------
                   Total timesteps: 7864320
                    Iteration time: 7.01s
                      Time elapsed: 00:04:29
                               ETA: 05:32:48

################################################################################
                      [1m Learning iteration 40/3000 [0m                      

                       Computation: 28577 steps/s (collection: 6.783s, learning 0.097s)
             Mean action noise std: 1.13
          Mean value_function loss: 0.5005
               Mean surrogate loss: -0.0032
                 Mean entropy loss: 18.4166
                       Mean reward: 18.11
               Mean episode length: 266.74
--------------------------------------------------------------------------------
                   Total timesteps: 8060928
                    Iteration time: 6.88s
                      Time elapsed: 00:04:36
                               ETA: 05:32:51

################################################################################
                      [1m Learning iteration 41/3000 [0m                      

                       Computation: 28017 steps/s (collection: 6.923s, learning 0.094s)
             Mean action noise std: 1.13
          Mean value_function loss: 0.5002
               Mean surrogate loss: -0.0020
                 Mean entropy loss: 18.4567
                       Mean reward: 35.28
               Mean episode length: 523.56
--------------------------------------------------------------------------------
                   Total timesteps: 8257536
                    Iteration time: 7.02s
                      Time elapsed: 00:04:43
                               ETA: 05:33:04

################################################################################
                      [1m Learning iteration 42/3000 [0m                      

                       Computation: 28303 steps/s (collection: 6.854s, learning 0.093s)
             Mean action noise std: 1.13
          Mean value_function loss: 0.5609
               Mean surrogate loss: -0.0009
                 Mean entropy loss: 18.4839
                       Mean reward: 17.27
               Mean episode length: 254.63
--------------------------------------------------------------------------------
                   Total timesteps: 8454144
                    Iteration time: 6.95s
                      Time elapsed: 00:04:50
                               ETA: 05:33:10

################################################################################
                      [1m Learning iteration 43/3000 [0m                      

                       Computation: 28347 steps/s (collection: 6.844s, learning 0.092s)
             Mean action noise std: 1.14
          Mean value_function loss: 0.5505
               Mean surrogate loss: -0.0022
                 Mean entropy loss: 18.5290
                       Mean reward: 23.56
               Mean episode length: 345.96
--------------------------------------------------------------------------------
                   Total timesteps: 8650752
                    Iteration time: 6.94s
                      Time elapsed: 00:04:57
                               ETA: 05:33:15

################################################################################
                      [1m Learning iteration 44/3000 [0m                      

                       Computation: 28555 steps/s (collection: 6.785s, learning 0.100s)
             Mean action noise std: 1.14
          Mean value_function loss: 0.5491
               Mean surrogate loss: -0.0030
                 Mean entropy loss: 18.5990
                       Mean reward: 23.17
               Mean episode length: 329.97
--------------------------------------------------------------------------------
                   Total timesteps: 8847360
                    Iteration time: 6.89s
                      Time elapsed: 00:05:04
                               ETA: 05:33:17

################################################################################
                      [1m Learning iteration 45/3000 [0m                      

                       Computation: 28103 steps/s (collection: 6.899s, learning 0.097s)
             Mean action noise std: 1.15
          Mean value_function loss: 0.5814
               Mean surrogate loss: -0.0020
                 Mean entropy loss: 18.6325
                       Mean reward: 25.67
               Mean episode length: 373.01
--------------------------------------------------------------------------------
                   Total timesteps: 9043968
                    Iteration time: 7.00s
                      Time elapsed: 00:05:11
                               ETA: 05:33:25

################################################################################
                      [1m Learning iteration 46/3000 [0m                      

                       Computation: 28202 steps/s (collection: 6.877s, learning 0.094s)
             Mean action noise std: 1.15
          Mean value_function loss: 0.5338
               Mean surrogate loss: -0.0026
                 Mean entropy loss: 18.6743
                       Mean reward: 25.12
               Mean episode length: 362.05
--------------------------------------------------------------------------------
                   Total timesteps: 9240576
                    Iteration time: 6.97s
                      Time elapsed: 00:05:18
                               ETA: 05:33:31

################################################################################
                      [1m Learning iteration 47/3000 [0m                      

                       Computation: 27986 steps/s (collection: 6.933s, learning 0.092s)
             Mean action noise std: 1.16
          Mean value_function loss: 0.4925
               Mean surrogate loss: -0.0026
                 Mean entropy loss: 18.7200
                       Mean reward: 23.44
               Mean episode length: 338.39
--------------------------------------------------------------------------------
                   Total timesteps: 9437184
                    Iteration time: 7.03s
                      Time elapsed: 00:05:25
                               ETA: 05:33:39

################################################################################
                      [1m Learning iteration 48/3000 [0m                      

                       Computation: 28439 steps/s (collection: 6.814s, learning 0.099s)
             Mean action noise std: 1.16
          Mean value_function loss: 0.5022
               Mean surrogate loss: -0.0025
                 Mean entropy loss: 18.7678
                       Mean reward: 27.33
               Mean episode length: 390.66
--------------------------------------------------------------------------------
                   Total timesteps: 9633792
                    Iteration time: 6.91s
                      Time elapsed: 00:05:32
                               ETA: 05:33:41

################################################################################
                      [1m Learning iteration 49/3000 [0m                      

                       Computation: 28342 steps/s (collection: 6.838s, learning 0.099s)
             Mean action noise std: 1.16
          Mean value_function loss: 0.5601
               Mean surrogate loss: -0.0017
                 Mean entropy loss: 18.8115
                       Mean reward: 31.88
               Mean episode length: 452.96
--------------------------------------------------------------------------------
                   Total timesteps: 9830400
                    Iteration time: 6.94s
                      Time elapsed: 00:05:39
                               ETA: 05:33:43

################################################################################
                      [1m Learning iteration 50/3000 [0m                      

                       Computation: 28631 steps/s (collection: 6.772s, learning 0.095s)
             Mean action noise std: 1.17
          Mean value_function loss: 0.5135
               Mean surrogate loss: -0.0024
                 Mean entropy loss: 18.8655
                       Mean reward: 29.29
               Mean episode length: 409.81
--------------------------------------------------------------------------------
                   Total timesteps: 10027008
                    Iteration time: 6.87s
                      Time elapsed: 00:05:46
                               ETA: 05:33:41

################################################################################
                      [1m Learning iteration 51/3000 [0m                      

                       Computation: 28124 steps/s (collection: 6.893s, learning 0.097s)
             Mean action noise std: 1.18
          Mean value_function loss: 0.4827
               Mean surrogate loss: -0.0037
                 Mean entropy loss: 18.9176
                       Mean reward: 26.29
               Mean episode length: 365.75
--------------------------------------------------------------------------------
                   Total timesteps: 10223616
                    Iteration time: 6.99s
                      Time elapsed: 00:05:53
                               ETA: 05:33:46

################################################################################
                      [1m Learning iteration 52/3000 [0m                      

                       Computation: 28325 steps/s (collection: 6.842s, learning 0.099s)
             Mean action noise std: 1.18
          Mean value_function loss: 0.5096
               Mean surrogate loss: -0.0041
                 Mean entropy loss: 18.9767
                       Mean reward: 30.92
               Mean episode length: 435.42
--------------------------------------------------------------------------------
                   Total timesteps: 10420224
                    Iteration time: 6.94s
                      Time elapsed: 00:06:00
                               ETA: 05:33:47

################################################################################
                      [1m Learning iteration 53/3000 [0m                      

                       Computation: 28779 steps/s (collection: 6.734s, learning 0.098s)
             Mean action noise std: 1.18
          Mean value_function loss: 0.4884
               Mean surrogate loss: 0.0039
                 Mean entropy loss: 19.0160
                       Mean reward: 24.46
               Mean episode length: 342.79
--------------------------------------------------------------------------------
                   Total timesteps: 10616832
                    Iteration time: 6.83s
                      Time elapsed: 00:06:06
                               ETA: 05:33:42

################################################################################
                      [1m Learning iteration 54/3000 [0m                      

                       Computation: 28244 steps/s (collection: 6.866s, learning 0.095s)
             Mean action noise std: 1.19
          Mean value_function loss: 0.4793
               Mean surrogate loss: -0.0023
                 Mean entropy loss: 19.0358
                       Mean reward: 28.07
               Mean episode length: 385.70
--------------------------------------------------------------------------------
                   Total timesteps: 10813440
                    Iteration time: 6.96s
                      Time elapsed: 00:06:13
                               ETA: 05:33:45

################################################################################
                      [1m Learning iteration 55/3000 [0m                      

                       Computation: 28731 steps/s (collection: 6.746s, learning 0.097s)
             Mean action noise std: 1.19
          Mean value_function loss: 0.5009
               Mean surrogate loss: -0.0045
                 Mean entropy loss: 19.0756
                       Mean reward: 26.75
               Mean episode length: 365.75
--------------------------------------------------------------------------------
                   Total timesteps: 11010048
                    Iteration time: 6.84s
                      Time elapsed: 00:06:20
                               ETA: 05:33:40

################################################################################
                      [1m Learning iteration 56/3000 [0m                      

                       Computation: 28556 steps/s (collection: 6.786s, learning 0.099s)
             Mean action noise std: 1.19
          Mean value_function loss: 0.4410
               Mean surrogate loss: -0.0037
                 Mean entropy loss: 19.1128
                       Mean reward: 23.81
               Mean episode length: 322.81
--------------------------------------------------------------------------------
                   Total timesteps: 11206656
                    Iteration time: 6.88s
                      Time elapsed: 00:06:27
                               ETA: 05:33:38

################################################################################
                      [1m Learning iteration 57/3000 [0m                      

                       Computation: 28727 steps/s (collection: 6.751s, learning 0.093s)
             Mean action noise std: 1.20
          Mean value_function loss: 0.4331
               Mean surrogate loss: -0.0039
                 Mean entropy loss: 19.1449
                       Mean reward: 28.93
               Mean episode length: 390.62
--------------------------------------------------------------------------------
                   Total timesteps: 11403264
                    Iteration time: 6.84s
                      Time elapsed: 00:06:34
                               ETA: 05:33:33

################################################################################
                      [1m Learning iteration 58/3000 [0m                      

                       Computation: 28878 steps/s (collection: 6.713s, learning 0.096s)
             Mean action noise std: 1.20
          Mean value_function loss: 0.4248
               Mean surrogate loss: -0.0028
                 Mean entropy loss: 19.1728
                       Mean reward: 30.98
               Mean episode length: 413.32
--------------------------------------------------------------------------------
                   Total timesteps: 11599872
                    Iteration time: 6.81s
                      Time elapsed: 00:06:41
                               ETA: 05:33:27

################################################################################
                      [1m Learning iteration 59/3000 [0m                      

                       Computation: 28456 steps/s (collection: 6.813s, learning 0.096s)
             Mean action noise std: 1.20
          Mean value_function loss: 0.5241
               Mean surrogate loss: -0.0033
                 Mean entropy loss: 19.2044
                       Mean reward: 31.48
               Mean episode length: 418.87
--------------------------------------------------------------------------------
                   Total timesteps: 11796480
                    Iteration time: 6.91s
                      Time elapsed: 00:06:48
                               ETA: 05:33:25

################################################################################
                      [1m Learning iteration 60/3000 [0m                      

                       Computation: 28780 steps/s (collection: 6.735s, learning 0.096s)
             Mean action noise std: 1.21
          Mean value_function loss: 0.5266
               Mean surrogate loss: -0.0013
                 Mean entropy loss: 19.2443
                       Mean reward: 28.88
               Mean episode length: 379.24
--------------------------------------------------------------------------------
                   Total timesteps: 11993088
                    Iteration time: 6.83s
                      Time elapsed: 00:06:54
                               ETA: 05:33:20

################################################################################
                      [1m Learning iteration 61/3000 [0m                      

                       Computation: 28710 steps/s (collection: 6.753s, learning 0.095s)
             Mean action noise std: 1.21
          Mean value_function loss: 0.4424
               Mean surrogate loss: -0.0011
                 Mean entropy loss: 19.2739
                       Mean reward: 30.77
               Mean episode length: 404.36
--------------------------------------------------------------------------------
                   Total timesteps: 12189696
                    Iteration time: 6.85s
                      Time elapsed: 00:07:01
                               ETA: 05:33:15

################################################################################
                      [1m Learning iteration 62/3000 [0m                      

                       Computation: 28803 steps/s (collection: 6.730s, learning 0.096s)
             Mean action noise std: 1.21
          Mean value_function loss: 0.3996
               Mean surrogate loss: -0.0023
                 Mean entropy loss: 19.3005
                       Mean reward: 35.08
               Mean episode length: 459.50
--------------------------------------------------------------------------------
                   Total timesteps: 12386304
                    Iteration time: 6.83s
                      Time elapsed: 00:07:08
                               ETA: 05:33:10

################################################################################
                      [1m Learning iteration 63/3000 [0m                      

                       Computation: 28660 steps/s (collection: 6.769s, learning 0.091s)
             Mean action noise std: 1.22
          Mean value_function loss: 0.4289
               Mean surrogate loss: -0.0031
                 Mean entropy loss: 19.3199
                       Mean reward: 33.71
               Mean episode length: 444.12
--------------------------------------------------------------------------------
                   Total timesteps: 12582912
                    Iteration time: 6.86s
                      Time elapsed: 00:07:15
                               ETA: 05:33:05

################################################################################
                      [1m Learning iteration 64/3000 [0m                      

                       Computation: 28734 steps/s (collection: 6.741s, learning 0.101s)
             Mean action noise std: 1.22
          Mean value_function loss: 0.4122
               Mean surrogate loss: -0.0041
                 Mean entropy loss: 19.3601
                       Mean reward: 35.02
               Mean episode length: 460.03
--------------------------------------------------------------------------------
                   Total timesteps: 12779520
                    Iteration time: 6.84s
                      Time elapsed: 00:07:22
                               ETA: 05:33:00

################################################################################
                      [1m Learning iteration 65/3000 [0m                      

                       Computation: 29015 steps/s (collection: 6.680s, learning 0.096s)
             Mean action noise std: 1.22
          Mean value_function loss: 0.4734
               Mean surrogate loss: -0.0027
                 Mean entropy loss: 19.3992
                       Mean reward: 38.77
               Mean episode length: 501.82
--------------------------------------------------------------------------------
                   Total timesteps: 12976128
                    Iteration time: 6.78s
                      Time elapsed: 00:07:29
                               ETA: 05:32:52

################################################################################
                      [1m Learning iteration 66/3000 [0m                      

                       Computation: 29266 steps/s (collection: 6.624s, learning 0.094s)
             Mean action noise std: 1.23
          Mean value_function loss: 0.4352
               Mean surrogate loss: -0.0039
                 Mean entropy loss: 19.4450
                       Mean reward: 32.16
               Mean episode length: 415.62
--------------------------------------------------------------------------------
                   Total timesteps: 13172736
                    Iteration time: 6.72s
                      Time elapsed: 00:07:35
                               ETA: 05:32:41

################################################################################
                      [1m Learning iteration 67/3000 [0m                      

                       Computation: 29053 steps/s (collection: 6.668s, learning 0.099s)
             Mean action noise std: 1.23
          Mean value_function loss: 0.5126
               Mean surrogate loss: -0.0027
                 Mean entropy loss: 19.4944
                       Mean reward: 31.49
               Mean episode length: 405.71
--------------------------------------------------------------------------------
                   Total timesteps: 13369344
                    Iteration time: 6.77s
                      Time elapsed: 00:07:42
                               ETA: 05:32:33

################################################################################
                      [1m Learning iteration 68/3000 [0m                      

                       Computation: 29280 steps/s (collection: 6.621s, learning 0.094s)
             Mean action noise std: 1.24
          Mean value_function loss: 0.5213
               Mean surrogate loss: 0.0007
                 Mean entropy loss: 19.5235
                       Mean reward: 33.89
               Mean episode length: 435.91
--------------------------------------------------------------------------------
                   Total timesteps: 13565952
                    Iteration time: 6.71s
                      Time elapsed: 00:07:49
                               ETA: 05:32:22

################################################################################
                      [1m Learning iteration 69/3000 [0m                      

                       Computation: 29015 steps/s (collection: 6.683s, learning 0.093s)
             Mean action noise std: 1.24
          Mean value_function loss: 0.4160
               Mean surrogate loss: -0.0032
                 Mean entropy loss: 19.5488
                       Mean reward: 34.32
               Mean episode length: 445.83
--------------------------------------------------------------------------------
                   Total timesteps: 13762560
                    Iteration time: 6.78s
                      Time elapsed: 00:07:56
                               ETA: 05:32:15

################################################################################
                      [1m Learning iteration 70/3000 [0m                      

                       Computation: 29012 steps/s (collection: 6.676s, learning 0.101s)
             Mean action noise std: 1.24
          Mean value_function loss: 0.3967
               Mean surrogate loss: -0.0019
                 Mean entropy loss: 19.5651
                       Mean reward: 28.63
               Mean episode length: 367.88
--------------------------------------------------------------------------------
                   Total timesteps: 13959168
                    Iteration time: 6.78s
                      Time elapsed: 00:08:02
                               ETA: 05:32:07

################################################################################
                      [1m Learning iteration 71/3000 [0m                      

                       Computation: 29488 steps/s (collection: 6.577s, learning 0.090s)
             Mean action noise std: 1.24
          Mean value_function loss: 0.3968
               Mean surrogate loss: 0.0006
                 Mean entropy loss: 19.5900
                       Mean reward: 37.09
               Mean episode length: 472.63
--------------------------------------------------------------------------------
                   Total timesteps: 14155776
                    Iteration time: 6.67s
                      Time elapsed: 00:08:09
                               ETA: 05:31:55

################################################################################
                      [1m Learning iteration 72/3000 [0m                      

                       Computation: 29217 steps/s (collection: 6.633s, learning 0.096s)
             Mean action noise std: 1.25
          Mean value_function loss: 0.3827
               Mean surrogate loss: -0.0033
                 Mean entropy loss: 19.6075
                       Mean reward: 31.85
               Mean episode length: 407.93
--------------------------------------------------------------------------------
                   Total timesteps: 14352384
                    Iteration time: 6.73s
                      Time elapsed: 00:08:16
                               ETA: 05:31:45

################################################################################
                      [1m Learning iteration 73/3000 [0m                      

                       Computation: 29279 steps/s (collection: 6.620s, learning 0.095s)
             Mean action noise std: 1.25
          Mean value_function loss: 0.3618
               Mean surrogate loss: -0.0024
                 Mean entropy loss: 19.6333
                       Mean reward: 38.13
               Mean episode length: 483.38
--------------------------------------------------------------------------------
                   Total timesteps: 14548992
                    Iteration time: 6.71s
                      Time elapsed: 00:08:22
                               ETA: 05:31:35

################################################################################
                      [1m Learning iteration 74/3000 [0m                      

                       Computation: 29437 steps/s (collection: 6.584s, learning 0.095s)
             Mean action noise std: 1.25
          Mean value_function loss: 0.4367
               Mean surrogate loss: -0.0034
                 Mean entropy loss: 19.6586
                       Mean reward: 38.84
               Mean episode length: 499.86
--------------------------------------------------------------------------------
                   Total timesteps: 14745600
                    Iteration time: 6.68s
                      Time elapsed: 00:08:29
                               ETA: 05:31:23

################################################################################
                      [1m Learning iteration 75/3000 [0m                      

                       Computation: 29530 steps/s (collection: 6.553s, learning 0.105s)
             Mean action noise std: 1.25
          Mean value_function loss: 0.4587
               Mean surrogate loss: -0.0037
                 Mean entropy loss: 19.6746
                       Mean reward: 31.89
               Mean episode length: 404.84
--------------------------------------------------------------------------------
                   Total timesteps: 14942208
                    Iteration time: 6.66s
                      Time elapsed: 00:08:36
                               ETA: 05:31:11

################################################################################
                      [1m Learning iteration 76/3000 [0m                      

                       Computation: 29495 steps/s (collection: 6.570s, learning 0.096s)
             Mean action noise std: 1.25
          Mean value_function loss: 0.4054
               Mean surrogate loss: 0.0004
                 Mean entropy loss: 19.6757
                       Mean reward: 32.34
               Mean episode length: 409.52
--------------------------------------------------------------------------------
                   Total timesteps: 15138816
                    Iteration time: 6.67s
                      Time elapsed: 00:08:42
                               ETA: 05:31:00

################################################################################
                      [1m Learning iteration 77/3000 [0m                      

                       Computation: 29658 steps/s (collection: 6.529s, learning 0.100s)
             Mean action noise std: 1.26
          Mean value_function loss: 0.3410
               Mean surrogate loss: -0.0033
                 Mean entropy loss: 19.6915
                       Mean reward: 33.04
               Mean episode length: 416.56
--------------------------------------------------------------------------------
                   Total timesteps: 15335424
                    Iteration time: 6.63s
                      Time elapsed: 00:08:49
                               ETA: 05:30:47

################################################################################
                      [1m Learning iteration 78/3000 [0m                      

                       Computation: 29579 steps/s (collection: 6.548s, learning 0.098s)
             Mean action noise std: 1.26
          Mean value_function loss: 0.3986
               Mean surrogate loss: -0.0029
                 Mean entropy loss: 19.7321
                       Mean reward: 35.77
               Mean episode length: 450.29
--------------------------------------------------------------------------------
                   Total timesteps: 15532032
                    Iteration time: 6.65s
                      Time elapsed: 00:08:56
                               ETA: 05:30:35

################################################################################
                      [1m Learning iteration 79/3000 [0m                      

                       Computation: 29582 steps/s (collection: 6.552s, learning 0.094s)
             Mean action noise std: 1.26
          Mean value_function loss: 0.3495
               Mean surrogate loss: -0.0007
                 Mean entropy loss: 19.7589
                       Mean reward: 34.83
               Mean episode length: 439.90
--------------------------------------------------------------------------------
                   Total timesteps: 15728640
                    Iteration time: 6.65s
                      Time elapsed: 00:09:02
                               ETA: 05:30:23

################################################################################
                      [1m Learning iteration 80/3000 [0m                      

                       Computation: 29712 steps/s (collection: 6.517s, learning 0.100s)
             Mean action noise std: 1.26
          Mean value_function loss: 0.3274
               Mean surrogate loss: -0.0041
                 Mean entropy loss: 19.7870
                       Mean reward: 37.41
               Mean episode length: 472.46
--------------------------------------------------------------------------------
                   Total timesteps: 15925248
                    Iteration time: 6.62s
                      Time elapsed: 00:09:09
                               ETA: 05:30:10

################################################################################
                      [1m Learning iteration 81/3000 [0m                      

                       Computation: 29474 steps/s (collection: 6.571s, learning 0.100s)
             Mean action noise std: 1.27
          Mean value_function loss: 0.3658
               Mean surrogate loss: -0.0025
                 Mean entropy loss: 19.8125
                       Mean reward: 33.28
               Mean episode length: 421.76
--------------------------------------------------------------------------------
                   Total timesteps: 16121856
                    Iteration time: 6.67s
                      Time elapsed: 00:09:16
                               ETA: 05:29:59

################################################################################
                      [1m Learning iteration 82/3000 [0m                      

                       Computation: 29687 steps/s (collection: 6.532s, learning 0.091s)
             Mean action noise std: 1.27
          Mean value_function loss: 0.3642
               Mean surrogate loss: -0.0030
                 Mean entropy loss: 19.8408
                       Mean reward: 39.08
               Mean episode length: 491.29
--------------------------------------------------------------------------------
                   Total timesteps: 16318464
                    Iteration time: 6.62s
                      Time elapsed: 00:09:22
                               ETA: 05:29:47

################################################################################
                      [1m Learning iteration 83/3000 [0m                      

                       Computation: 30126 steps/s (collection: 6.432s, learning 0.094s)
             Mean action noise std: 1.27
          Mean value_function loss: 0.3611
               Mean surrogate loss: 0.0017
                 Mean entropy loss: 19.8803
                       Mean reward: 35.70
               Mean episode length: 453.89
--------------------------------------------------------------------------------
                   Total timesteps: 16515072
                    Iteration time: 6.53s
                      Time elapsed: 00:09:29
                               ETA: 05:29:31

################################################################################
                      [1m Learning iteration 84/3000 [0m                      

                       Computation: 29993 steps/s (collection: 6.453s, learning 0.102s)
             Mean action noise std: 1.28
          Mean value_function loss: 0.3170
               Mean surrogate loss: -0.0039
                 Mean entropy loss: 19.8988
                       Mean reward: 39.48
               Mean episode length: 496.66
--------------------------------------------------------------------------------
                   Total timesteps: 16711680
                    Iteration time: 6.56s
                      Time elapsed: 00:09:35
                               ETA: 05:29:16

################################################################################
                      [1m Learning iteration 85/3000 [0m                      

                       Computation: 29611 steps/s (collection: 6.547s, learning 0.092s)
             Mean action noise std: 1.28
          Mean value_function loss: 0.2983
               Mean surrogate loss: -0.0041
                 Mean entropy loss: 19.9351
                       Mean reward: 47.07
               Mean episode length: 582.94
--------------------------------------------------------------------------------
                   Total timesteps: 16908288
                    Iteration time: 6.64s
                      Time elapsed: 00:09:42
                               ETA: 05:29:05

################################################################################
                      [1m Learning iteration 86/3000 [0m                      

                       Computation: 29768 steps/s (collection: 6.507s, learning 0.098s)
             Mean action noise std: 1.28
          Mean value_function loss: 0.3308
               Mean surrogate loss: -0.0034
                 Mean entropy loss: 19.9592
                       Mean reward: 36.87
               Mean episode length: 464.04
--------------------------------------------------------------------------------
                   Total timesteps: 17104896
                    Iteration time: 6.60s
                      Time elapsed: 00:09:49
                               ETA: 05:28:53

################################################################################
                      [1m Learning iteration 87/3000 [0m                      

                       Computation: 29494 steps/s (collection: 6.570s, learning 0.096s)
             Mean action noise std: 1.29
          Mean value_function loss: 0.3427
               Mean surrogate loss: -0.0026
                 Mean entropy loss: 19.9860
                       Mean reward: 42.74
               Mean episode length: 530.38
--------------------------------------------------------------------------------
                   Total timesteps: 17301504
                    Iteration time: 6.67s
                      Time elapsed: 00:09:55
                               ETA: 05:28:42

################################################################################
                      [1m Learning iteration 88/3000 [0m                      

                       Computation: 29763 steps/s (collection: 6.508s, learning 0.097s)
             Mean action noise std: 1.29
          Mean value_function loss: 0.3773
               Mean surrogate loss: -0.0017
                 Mean entropy loss: 20.0198
                       Mean reward: 40.16
               Mean episode length: 497.68
--------------------------------------------------------------------------------
                   Total timesteps: 17498112
                    Iteration time: 6.61s
                      Time elapsed: 00:10:02
                               ETA: 05:28:30

################################################################################
                      [1m Learning iteration 89/3000 [0m                      

                       Computation: 30248 steps/s (collection: 6.407s, learning 0.093s)
             Mean action noise std: 1.29
          Mean value_function loss: 0.3465
               Mean surrogate loss: 0.0013
                 Mean entropy loss: 20.0530
                       Mean reward: 38.48
               Mean episode length: 483.80
--------------------------------------------------------------------------------
                   Total timesteps: 17694720
                    Iteration time: 6.50s
                      Time elapsed: 00:10:08
                               ETA: 05:28:15

################################################################################
                      [1m Learning iteration 90/3000 [0m                      

                       Computation: 29723 steps/s (collection: 6.517s, learning 0.097s)
             Mean action noise std: 1.30
          Mean value_function loss: 0.3071
               Mean surrogate loss: -0.0037
                 Mean entropy loss: 20.0781
                       Mean reward: 43.09
               Mean episode length: 529.35
--------------------------------------------------------------------------------
                   Total timesteps: 17891328
                    Iteration time: 6.61s
                      Time elapsed: 00:10:15
                               ETA: 05:28:03

################################################################################
                      [1m Learning iteration 91/3000 [0m                      

                       Computation: 30165 steps/s (collection: 6.422s, learning 0.096s)
             Mean action noise std: 1.30
          Mean value_function loss: 0.3078
               Mean surrogate loss: -0.0037
                 Mean entropy loss: 20.1157
                       Mean reward: 45.24
               Mean episode length: 559.98
--------------------------------------------------------------------------------
                   Total timesteps: 18087936
                    Iteration time: 6.52s
                      Time elapsed: 00:10:22
                               ETA: 05:27:49

################################################################################
                      [1m Learning iteration 92/3000 [0m                      

                       Computation: 30210 steps/s (collection: 6.406s, learning 0.102s)
             Mean action noise std: 1.30
          Mean value_function loss: 0.3247
               Mean surrogate loss: -0.0034
                 Mean entropy loss: 20.1518
                       Mean reward: 43.71
               Mean episode length: 536.49
--------------------------------------------------------------------------------
                   Total timesteps: 18284544
                    Iteration time: 6.51s
                      Time elapsed: 00:10:28
                               ETA: 05:27:34

################################################################################
                      [1m Learning iteration 93/3000 [0m                      

                       Computation: 29855 steps/s (collection: 6.490s, learning 0.096s)
             Mean action noise std: 1.31
          Mean value_function loss: 0.3098
               Mean surrogate loss: -0.0044
                 Mean entropy loss: 20.1790
                       Mean reward: 49.00
               Mean episode length: 600.14
--------------------------------------------------------------------------------
                   Total timesteps: 18481152
                    Iteration time: 6.59s
                      Time elapsed: 00:10:35
                               ETA: 05:27:22

################################################################################
                      [1m Learning iteration 94/3000 [0m                      

                       Computation: 29934 steps/s (collection: 6.475s, learning 0.093s)
             Mean action noise std: 1.31
          Mean value_function loss: 0.3578
               Mean surrogate loss: -0.0036
                 Mean entropy loss: 20.2147
                       Mean reward: 44.20
               Mean episode length: 542.48
--------------------------------------------------------------------------------
                   Total timesteps: 18677760
                    Iteration time: 6.57s
                      Time elapsed: 00:10:41
                               ETA: 05:27:09

################################################################################
                      [1m Learning iteration 95/3000 [0m                      

                       Computation: 30008 steps/s (collection: 6.459s, learning 0.093s)
             Mean action noise std: 1.31
          Mean value_function loss: 0.3305
               Mean surrogate loss: 0.0012
                 Mean entropy loss: 20.2525
                       Mean reward: 41.99
               Mean episode length: 519.12
--------------------------------------------------------------------------------
                   Total timesteps: 18874368
                    Iteration time: 6.55s
                      Time elapsed: 00:10:48
                               ETA: 05:26:56

################################################################################
                      [1m Learning iteration 96/3000 [0m                      

                       Computation: 29900 steps/s (collection: 6.474s, learning 0.101s)
             Mean action noise std: 1.32
          Mean value_function loss: 0.2817
               Mean surrogate loss: -0.0045
                 Mean entropy loss: 20.2699
                       Mean reward: 45.67
               Mean episode length: 566.70
--------------------------------------------------------------------------------
                   Total timesteps: 19070976
                    Iteration time: 6.58s
                      Time elapsed: 00:10:54
                               ETA: 05:26:44

################################################################################
                      [1m Learning iteration 97/3000 [0m                      

                       Computation: 30258 steps/s (collection: 6.407s, learning 0.090s)
             Mean action noise std: 1.32
          Mean value_function loss: 0.2828
               Mean surrogate loss: -0.0011
                 Mean entropy loss: 20.2963
                       Mean reward: 47.28
               Mean episode length: 578.74
--------------------------------------------------------------------------------
                   Total timesteps: 19267584
                    Iteration time: 6.50s
                      Time elapsed: 00:11:01
                               ETA: 05:26:30

################################################################################
                      [1m Learning iteration 98/3000 [0m                      

                       Computation: 30238 steps/s (collection: 6.404s, learning 0.098s)
             Mean action noise std: 1.32
          Mean value_function loss: 0.2853
               Mean surrogate loss: 0.0009
                 Mean entropy loss: 20.3146
                       Mean reward: 53.64
               Mean episode length: 652.92
--------------------------------------------------------------------------------
                   Total timesteps: 19464192
                    Iteration time: 6.50s
                      Time elapsed: 00:11:07
                               ETA: 05:26:16

################################################################################
                      [1m Learning iteration 99/3000 [0m                      

                       Computation: 30559 steps/s (collection: 6.336s, learning 0.098s)
             Mean action noise std: 1.32
          Mean value_function loss: 0.2930
               Mean surrogate loss: -0.0021
                 Mean entropy loss: 20.3357
                       Mean reward: 51.37
               Mean episode length: 629.01
--------------------------------------------------------------------------------
                   Total timesteps: 19660800
                    Iteration time: 6.43s
                      Time elapsed: 00:11:14
                               ETA: 05:26:00

################################################################################
                     [1m Learning iteration 100/3000 [0m                      

                       Computation: 29946 steps/s (collection: 6.467s, learning 0.098s)
             Mean action noise std: 1.33
          Mean value_function loss: 0.2745
               Mean surrogate loss: -0.0038
                 Mean entropy loss: 20.3621
                       Mean reward: 50.98
               Mean episode length: 628.97
--------------------------------------------------------------------------------
                   Total timesteps: 19857408
                    Iteration time: 6.57s
                      Time elapsed: 00:11:20
                               ETA: 05:25:48

################################################################################
                     [1m Learning iteration 101/3000 [0m                      

                       Computation: 30191 steps/s (collection: 6.414s, learning 0.098s)
             Mean action noise std: 1.33
          Mean value_function loss: 0.2807
               Mean surrogate loss: -0.0043
                 Mean entropy loss: 20.3985
                       Mean reward: 52.20
               Mean episode length: 633.81
--------------------------------------------------------------------------------
                   Total timesteps: 20054016
                    Iteration time: 6.51s
                      Time elapsed: 00:11:27
                               ETA: 05:25:35

################################################################################
                     [1m Learning iteration 102/3000 [0m                      

                       Computation: 30126 steps/s (collection: 6.432s, learning 0.094s)
             Mean action noise std: 1.33
          Mean value_function loss: 0.3312
               Mean surrogate loss: -0.0037
                 Mean entropy loss: 20.4222
                       Mean reward: 46.44
               Mean episode length: 572.52
--------------------------------------------------------------------------------
                   Total timesteps: 20250624
                    Iteration time: 6.53s
                      Time elapsed: 00:11:33
                               ETA: 05:25:22

################################################################################
                     [1m Learning iteration 103/3000 [0m                      

                       Computation: 30197 steps/s (collection: 6.413s, learning 0.098s)
             Mean action noise std: 1.34
          Mean value_function loss: 0.3405
               Mean surrogate loss: -0.0043
                 Mean entropy loss: 20.4493
                       Mean reward: 48.03
               Mean episode length: 588.37
--------------------------------------------------------------------------------
                   Total timesteps: 20447232
                    Iteration time: 6.51s
                      Time elapsed: 00:11:40
                               ETA: 05:25:09

################################################################################
                     [1m Learning iteration 104/3000 [0m                      

                       Computation: 30471 steps/s (collection: 6.359s, learning 0.094s)
             Mean action noise std: 1.34
          Mean value_function loss: 0.3740
               Mean surrogate loss: -0.0017
                 Mean entropy loss: 20.4633
                       Mean reward: 48.29
               Mean episode length: 591.07
--------------------------------------------------------------------------------
                   Total timesteps: 20643840
                    Iteration time: 6.45s
                      Time elapsed: 00:11:46
                               ETA: 05:24:55

################################################################################
                     [1m Learning iteration 105/3000 [0m                      

                       Computation: 30139 steps/s (collection: 6.427s, learning 0.097s)
             Mean action noise std: 1.34
          Mean value_function loss: 0.3135
               Mean surrogate loss: -0.0030
                 Mean entropy loss: 20.4823
                       Mean reward: 55.89
               Mean episode length: 685.14
--------------------------------------------------------------------------------
                   Total timesteps: 20840448
                    Iteration time: 6.52s
                      Time elapsed: 00:11:53
                               ETA: 05:24:42

################################################################################
                     [1m Learning iteration 106/3000 [0m                      

                       Computation: 30528 steps/s (collection: 6.348s, learning 0.092s)
             Mean action noise std: 1.34
          Mean value_function loss: 0.2976
               Mean surrogate loss: -0.0027
                 Mean entropy loss: 20.5074
                       Mean reward: 54.07
               Mean episode length: 665.01
--------------------------------------------------------------------------------
                   Total timesteps: 21037056
                    Iteration time: 6.44s
                      Time elapsed: 00:11:59
                               ETA: 05:24:28

################################################################################
                     [1m Learning iteration 107/3000 [0m                      

                       Computation: 30509 steps/s (collection: 6.350s, learning 0.094s)
             Mean action noise std: 1.35
          Mean value_function loss: 0.2796
               Mean surrogate loss: 0.0010
                 Mean entropy loss: 20.5273
                       Mean reward: 51.28
               Mean episode length: 627.97
--------------------------------------------------------------------------------
                   Total timesteps: 21233664
                    Iteration time: 6.44s
                      Time elapsed: 00:12:06
                               ETA: 05:24:14

################################################################################
                     [1m Learning iteration 108/3000 [0m                      

                       Computation: 29539 steps/s (collection: 6.560s, learning 0.096s)
             Mean action noise std: 1.35
          Mean value_function loss: 0.2595
               Mean surrogate loss: -0.0035
                 Mean entropy loss: 20.5435
                       Mean reward: 50.17
               Mean episode length: 611.17
--------------------------------------------------------------------------------
                   Total timesteps: 21430272
                    Iteration time: 6.66s
                      Time elapsed: 00:12:12
                               ETA: 05:24:05

################################################################################
                     [1m Learning iteration 109/3000 [0m                      

                       Computation: 30662 steps/s (collection: 6.316s, learning 0.096s)
             Mean action noise std: 1.35
          Mean value_function loss: 0.2755
               Mean surrogate loss: -0.0038
                 Mean entropy loss: 20.5753
                       Mean reward: 50.02
               Mean episode length: 610.42
--------------------------------------------------------------------------------
                   Total timesteps: 21626880
                    Iteration time: 6.41s
                      Time elapsed: 00:12:19
                               ETA: 05:23:50

################################################################################
                     [1m Learning iteration 110/3000 [0m                      

                       Computation: 30408 steps/s (collection: 6.368s, learning 0.098s)
             Mean action noise std: 1.36
          Mean value_function loss: 0.2763
               Mean surrogate loss: -0.0042
                 Mean entropy loss: 20.6213
                       Mean reward: 48.84
               Mean episode length: 594.03
--------------------------------------------------------------------------------
                   Total timesteps: 21823488
                    Iteration time: 6.47s
                      Time elapsed: 00:12:25
                               ETA: 05:23:37

################################################################################
                     [1m Learning iteration 111/3000 [0m                      

                       Computation: 30981 steps/s (collection: 6.250s, learning 0.096s)
             Mean action noise std: 1.36
          Mean value_function loss: 0.2902
               Mean surrogate loss: -0.0029
                 Mean entropy loss: 20.6671
                       Mean reward: 52.81
               Mean episode length: 645.01
--------------------------------------------------------------------------------
                   Total timesteps: 22020096
                    Iteration time: 6.35s
                      Time elapsed: 00:12:32
                               ETA: 05:23:20

################################################################################
                     [1m Learning iteration 112/3000 [0m                      

                       Computation: 30748 steps/s (collection: 6.290s, learning 0.104s)
             Mean action noise std: 1.37
          Mean value_function loss: 0.2757
               Mean surrogate loss: -0.0030
                 Mean entropy loss: 20.7052
                       Mean reward: 49.19
               Mean episode length: 605.37
--------------------------------------------------------------------------------
                   Total timesteps: 22216704
                    Iteration time: 6.39s
                      Time elapsed: 00:12:38
                               ETA: 05:23:05

################################################################################
                     [1m Learning iteration 113/3000 [0m                      

                       Computation: 30519 steps/s (collection: 6.347s, learning 0.095s)
             Mean action noise std: 1.37
          Mean value_function loss: 0.2636
               Mean surrogate loss: -0.0034
                 Mean entropy loss: 20.7539
                       Mean reward: 48.47
               Mean episode length: 601.69
--------------------------------------------------------------------------------
                   Total timesteps: 22413312
                    Iteration time: 6.44s
                      Time elapsed: 00:12:44
                               ETA: 05:22:52

################################################################################
                     [1m Learning iteration 114/3000 [0m                      

                       Computation: 30914 steps/s (collection: 6.266s, learning 0.094s)
             Mean action noise std: 1.38
          Mean value_function loss: 0.3431
               Mean surrogate loss: -0.0002
                 Mean entropy loss: 20.7992
                       Mean reward: 45.52
               Mean episode length: 561.03
--------------------------------------------------------------------------------
                   Total timesteps: 22609920
                    Iteration time: 6.36s
                      Time elapsed: 00:12:51
                               ETA: 05:22:36

################################################################################
                     [1m Learning iteration 115/3000 [0m                      

                       Computation: 31223 steps/s (collection: 6.200s, learning 0.096s)
             Mean action noise std: 1.38
          Mean value_function loss: 0.2698
               Mean surrogate loss: -0.0042
                 Mean entropy loss: 20.8209
                       Mean reward: 46.87
               Mean episode length: 579.54
--------------------------------------------------------------------------------
                   Total timesteps: 22806528
                    Iteration time: 6.30s
                      Time elapsed: 00:12:57
                               ETA: 05:22:19

################################################################################
                     [1m Learning iteration 116/3000 [0m                      

                       Computation: 31046 steps/s (collection: 6.235s, learning 0.098s)
             Mean action noise std: 1.38
          Mean value_function loss: 0.3002
               Mean surrogate loss: -0.0031
                 Mean entropy loss: 20.8503
                       Mean reward: 47.91
               Mean episode length: 590.94
--------------------------------------------------------------------------------
                   Total timesteps: 23003136
                    Iteration time: 6.33s
                      Time elapsed: 00:13:03
                               ETA: 05:22:04

################################################################################
                     [1m Learning iteration 117/3000 [0m                      

                       Computation: 30288 steps/s (collection: 6.397s, learning 0.094s)
             Mean action noise std: 1.39
          Mean value_function loss: 0.3047
               Mean surrogate loss: -0.0015
                 Mean entropy loss: 20.8888
                       Mean reward: 50.97
               Mean episode length: 629.70
--------------------------------------------------------------------------------
                   Total timesteps: 23199744
                    Iteration time: 6.49s
                      Time elapsed: 00:13:10
                               ETA: 05:21:52

################################################################################
                     [1m Learning iteration 118/3000 [0m                      

                       Computation: 31079 steps/s (collection: 6.232s, learning 0.094s)
             Mean action noise std: 1.39
          Mean value_function loss: 0.2896
               Mean surrogate loss: -0.0029
                 Mean entropy loss: 20.9189
                       Mean reward: 46.68
               Mean episode length: 568.68
--------------------------------------------------------------------------------
                   Total timesteps: 23396352
                    Iteration time: 6.33s
                      Time elapsed: 00:13:16
                               ETA: 05:21:36

################################################################################
                     [1m Learning iteration 119/3000 [0m                      

                       Computation: 30898 steps/s (collection: 6.264s, learning 0.099s)
             Mean action noise std: 1.40
          Mean value_function loss: 0.2876
               Mean surrogate loss: -0.0024
                 Mean entropy loss: 20.9501
                       Mean reward: 44.40
               Mean episode length: 551.24
--------------------------------------------------------------------------------
                   Total timesteps: 23592960
                    Iteration time: 6.36s
                      Time elapsed: 00:13:23
                               ETA: 05:21:21

################################################################################
                     [1m Learning iteration 120/3000 [0m                      

                       Computation: 31009 steps/s (collection: 6.241s, learning 0.099s)
             Mean action noise std: 1.40
          Mean value_function loss: 0.2630
               Mean surrogate loss: -0.0026
                 Mean entropy loss: 21.0005
                       Mean reward: 48.07
               Mean episode length: 592.95
--------------------------------------------------------------------------------
                   Total timesteps: 23789568
                    Iteration time: 6.34s
                      Time elapsed: 00:13:29
                               ETA: 05:21:06

################################################################################
                     [1m Learning iteration 121/3000 [0m                      

                       Computation: 30816 steps/s (collection: 6.290s, learning 0.090s)
             Mean action noise std: 1.41
          Mean value_function loss: 0.2883
               Mean surrogate loss: -0.0012
                 Mean entropy loss: 21.0398
                       Mean reward: 47.15
               Mean episode length: 575.72
--------------------------------------------------------------------------------
                   Total timesteps: 23986176
                    Iteration time: 6.38s
                      Time elapsed: 00:13:35
                               ETA: 05:20:52

################################################################################
                     [1m Learning iteration 122/3000 [0m                      

                       Computation: 30935 steps/s (collection: 6.262s, learning 0.094s)
             Mean action noise std: 1.41
          Mean value_function loss: 0.2712
               Mean surrogate loss: -0.0017
                 Mean entropy loss: 21.0729
                       Mean reward: 47.52
               Mean episode length: 585.88
--------------------------------------------------------------------------------
                   Total timesteps: 24182784
                    Iteration time: 6.36s
                      Time elapsed: 00:13:42
                               ETA: 05:20:38

################################################################################
                     [1m Learning iteration 123/3000 [0m                      

                       Computation: 31532 steps/s (collection: 6.134s, learning 0.101s)
             Mean action noise std: 1.41
          Mean value_function loss: 0.2771
               Mean surrogate loss: -0.0039
                 Mean entropy loss: 21.1114
                       Mean reward: 43.39
               Mean episode length: 533.62
--------------------------------------------------------------------------------
                   Total timesteps: 24379392
                    Iteration time: 6.24s
                      Time elapsed: 00:13:48
                               ETA: 05:20:21

################################################################################
                     [1m Learning iteration 124/3000 [0m                      

                       Computation: 30471 steps/s (collection: 6.359s, learning 0.093s)
             Mean action noise std: 1.42
          Mean value_function loss: 0.2875
               Mean surrogate loss: -0.0020
                 Mean entropy loss: 21.1410
                       Mean reward: 52.10
               Mean episode length: 648.76
--------------------------------------------------------------------------------
                   Total timesteps: 24576000
                    Iteration time: 6.45s
                      Time elapsed: 00:13:54
                               ETA: 05:20:09

################################################################################
                     [1m Learning iteration 125/3000 [0m                      

                       Computation: 31198 steps/s (collection: 6.207s, learning 0.095s)
             Mean action noise std: 1.42
          Mean value_function loss: 0.2818
               Mean surrogate loss: -0.0035
                 Mean entropy loss: 21.1743
                       Mean reward: 50.06
               Mean episode length: 609.91
--------------------------------------------------------------------------------
                   Total timesteps: 24772608
                    Iteration time: 6.30s
                      Time elapsed: 00:14:01
                               ETA: 05:19:54

################################################################################
                     [1m Learning iteration 126/3000 [0m                      

                       Computation: 31839 steps/s (collection: 6.078s, learning 0.097s)
             Mean action noise std: 1.42
          Mean value_function loss: 0.3076
               Mean surrogate loss: -0.0030
                 Mean entropy loss: 21.1988
                       Mean reward: 53.80
               Mean episode length: 671.39
--------------------------------------------------------------------------------
                   Total timesteps: 24969216
                    Iteration time: 6.17s
                      Time elapsed: 00:14:07
                               ETA: 05:19:35

################################################################################
                     [1m Learning iteration 127/3000 [0m                      

                       Computation: 30974 steps/s (collection: 6.255s, learning 0.092s)
             Mean action noise std: 1.43
          Mean value_function loss: 0.3093
               Mean surrogate loss: -0.0031
                 Mean entropy loss: 21.2365
                       Mean reward: 47.43
               Mean episode length: 591.25
--------------------------------------------------------------------------------
                   Total timesteps: 25165824
                    Iteration time: 6.35s
                      Time elapsed: 00:14:13
                               ETA: 05:19:22

################################################################################
                     [1m Learning iteration 128/3000 [0m                      

                       Computation: 31483 steps/s (collection: 6.149s, learning 0.096s)
             Mean action noise std: 1.43
          Mean value_function loss: 0.2971
               Mean surrogate loss: -0.0009
                 Mean entropy loss: 21.2724
                       Mean reward: 53.88
               Mean episode length: 663.34
--------------------------------------------------------------------------------
                   Total timesteps: 25362432
                    Iteration time: 6.24s
                      Time elapsed: 00:14:19
                               ETA: 05:19:05

################################################################################
                     [1m Learning iteration 129/3000 [0m                      

                       Computation: 31119 steps/s (collection: 6.222s, learning 0.096s)
             Mean action noise std: 1.44
          Mean value_function loss: 0.3140
               Mean surrogate loss: -0.0029
                 Mean entropy loss: 21.3148
                       Mean reward: 50.48
               Mean episode length: 616.12
--------------------------------------------------------------------------------
                   Total timesteps: 25559040
                    Iteration time: 6.32s
                      Time elapsed: 00:14:26
                               ETA: 05:18:51

################################################################################
                     [1m Learning iteration 130/3000 [0m                      

                       Computation: 31411 steps/s (collection: 6.158s, learning 0.101s)
             Mean action noise std: 1.44
          Mean value_function loss: 0.2599
               Mean surrogate loss: 0.0001
                 Mean entropy loss: 21.3475
                       Mean reward: 55.35
               Mean episode length: 675.20
--------------------------------------------------------------------------------
                   Total timesteps: 25755648
                    Iteration time: 6.26s
                      Time elapsed: 00:14:32
                               ETA: 05:18:36

################################################################################
                     [1m Learning iteration 131/3000 [0m                      

                       Computation: 30823 steps/s (collection: 6.281s, learning 0.098s)
             Mean action noise std: 1.44
          Mean value_function loss: 0.2679
               Mean surrogate loss: -0.0039
                 Mean entropy loss: 21.3650
                       Mean reward: 51.18
               Mean episode length: 640.42
--------------------------------------------------------------------------------
                   Total timesteps: 25952256
                    Iteration time: 6.38s
                      Time elapsed: 00:14:38
                               ETA: 05:18:23

################################################################################
                     [1m Learning iteration 132/3000 [0m                      

                       Computation: 30739 steps/s (collection: 6.299s, learning 0.097s)
             Mean action noise std: 1.45
          Mean value_function loss: 0.2356
               Mean surrogate loss: -0.0014
                 Mean entropy loss: 21.3873
                       Mean reward: 53.15
               Mean episode length: 653.41
--------------------------------------------------------------------------------
                   Total timesteps: 26148864
                    Iteration time: 6.40s
                      Time elapsed: 00:14:45
                               ETA: 05:18:10

################################################################################
                     [1m Learning iteration 133/3000 [0m                      

                       Computation: 31778 steps/s (collection: 6.094s, learning 0.093s)
             Mean action noise std: 1.45
          Mean value_function loss: 0.2496
               Mean surrogate loss: -0.0041
                 Mean entropy loss: 21.4079
                       Mean reward: 49.35
               Mean episode length: 614.93
--------------------------------------------------------------------------------
                   Total timesteps: 26345472
                    Iteration time: 6.19s
                      Time elapsed: 00:14:51
                               ETA: 05:17:54

################################################################################
                     [1m Learning iteration 134/3000 [0m                      

                       Computation: 31426 steps/s (collection: 6.159s, learning 0.097s)
             Mean action noise std: 1.45
          Mean value_function loss: 0.2583
               Mean surrogate loss: -0.0045
                 Mean entropy loss: 21.4386
                       Mean reward: 50.39
               Mean episode length: 623.10
--------------------------------------------------------------------------------
                   Total timesteps: 26542080
                    Iteration time: 6.26s
                      Time elapsed: 00:14:57
                               ETA: 05:17:39

################################################################################
                     [1m Learning iteration 135/3000 [0m                      

                       Computation: 31820 steps/s (collection: 6.085s, learning 0.093s)
             Mean action noise std: 1.46
          Mean value_function loss: 0.2894
               Mean surrogate loss: -0.0012
                 Mean entropy loss: 21.4680
                       Mean reward: 53.06
               Mean episode length: 653.48
--------------------------------------------------------------------------------
                   Total timesteps: 26738688
                    Iteration time: 6.18s
                      Time elapsed: 00:15:03
                               ETA: 05:17:22

################################################################################
                     [1m Learning iteration 136/3000 [0m                      

                       Computation: 31683 steps/s (collection: 6.107s, learning 0.098s)
             Mean action noise std: 1.46
          Mean value_function loss: 0.2741
               Mean surrogate loss: -0.0033
                 Mean entropy loss: 21.4900
                       Mean reward: 53.84
               Mean episode length: 659.87
--------------------------------------------------------------------------------
                   Total timesteps: 26935296
                    Iteration time: 6.21s
                      Time elapsed: 00:15:10
                               ETA: 05:17:06

################################################################################
                     [1m Learning iteration 137/3000 [0m                      

                       Computation: 31604 steps/s (collection: 6.126s, learning 0.095s)
             Mean action noise std: 1.46
          Mean value_function loss: 0.2765
               Mean surrogate loss: -0.0004
                 Mean entropy loss: 21.5245
                       Mean reward: 53.21
               Mean episode length: 667.07
--------------------------------------------------------------------------------
                   Total timesteps: 27131904
                    Iteration time: 6.22s
                      Time elapsed: 00:15:16
                               ETA: 05:16:51

################################################################################
                     [1m Learning iteration 138/3000 [0m                      

                       Computation: 31732 steps/s (collection: 6.099s, learning 0.097s)
             Mean action noise std: 1.47
          Mean value_function loss: 0.2588
               Mean surrogate loss: -0.0023
                 Mean entropy loss: 21.5586
                       Mean reward: 52.42
               Mean episode length: 649.03
--------------------------------------------------------------------------------
                   Total timesteps: 27328512
                    Iteration time: 6.20s
                      Time elapsed: 00:15:22
                               ETA: 05:16:35

################################################################################
                     [1m Learning iteration 139/3000 [0m                      

                       Computation: 31199 steps/s (collection: 6.210s, learning 0.091s)
             Mean action noise std: 1.47
          Mean value_function loss: 0.2629
               Mean surrogate loss: -0.0020
                 Mean entropy loss: 21.5920
                       Mean reward: 50.45
               Mean episode length: 625.11
--------------------------------------------------------------------------------
                   Total timesteps: 27525120
                    Iteration time: 6.30s
                      Time elapsed: 00:15:28
                               ETA: 05:16:21

################################################################################
                     [1m Learning iteration 140/3000 [0m                      

                       Computation: 31728 steps/s (collection: 6.101s, learning 0.095s)
             Mean action noise std: 1.48
          Mean value_function loss: 0.2597
               Mean surrogate loss: -0.0053
                 Mean entropy loss: 21.6302
                       Mean reward: 48.31
               Mean episode length: 603.38
--------------------------------------------------------------------------------
                   Total timesteps: 27721728
                    Iteration time: 6.20s
                      Time elapsed: 00:15:35
                               ETA: 05:16:06

################################################################################
                     [1m Learning iteration 141/3000 [0m                      

                       Computation: 32069 steps/s (collection: 6.053s, learning 0.078s)
             Mean action noise std: 1.48
          Mean value_function loss: 0.2646
               Mean surrogate loss: -0.0022
                 Mean entropy loss: 21.6688
                       Mean reward: 55.41
               Mean episode length: 682.07
--------------------------------------------------------------------------------
                   Total timesteps: 27918336
                    Iteration time: 6.13s
                      Time elapsed: 00:15:41
                               ETA: 05:15:49

################################################################################
                     [1m Learning iteration 142/3000 [0m                      

                       Computation: 34912 steps/s (collection: 5.557s, learning 0.074s)
             Mean action noise std: 1.48
          Mean value_function loss: 0.2740
               Mean surrogate loss: 0.0012
                 Mean entropy loss: 21.6993
                       Mean reward: 50.26
               Mean episode length: 621.37
--------------------------------------------------------------------------------
                   Total timesteps: 28114944
                    Iteration time: 5.63s
                      Time elapsed: 00:15:46
                               ETA: 05:15:23

################################################################################
                     [1m Learning iteration 143/3000 [0m                      

                       Computation: 35131 steps/s (collection: 5.520s, learning 0.077s)
             Mean action noise std: 1.49
          Mean value_function loss: 0.2342
               Mean surrogate loss: -0.0044
                 Mean entropy loss: 21.7204
                       Mean reward: 55.87
               Mean episode length: 692.08
--------------------------------------------------------------------------------
                   Total timesteps: 28311552
                    Iteration time: 5.60s
                      Time elapsed: 00:15:52
                               ETA: 05:14:56

################################################################################
                     [1m Learning iteration 144/3000 [0m                      

                       Computation: 34383 steps/s (collection: 5.627s, learning 0.091s)
             Mean action noise std: 1.49
          Mean value_function loss: 0.2488
               Mean surrogate loss: -0.0008
                 Mean entropy loss: 21.7412
                       Mean reward: 57.44
               Mean episode length: 710.26
--------------------------------------------------------------------------------
                   Total timesteps: 28508160
                    Iteration time: 5.72s
                      Time elapsed: 00:15:58
                               ETA: 05:14:31

################################################################################
                     [1m Learning iteration 145/3000 [0m                      

                       Computation: 35499 steps/s (collection: 5.466s, learning 0.073s)
             Mean action noise std: 1.50
          Mean value_function loss: 0.2407
               Mean surrogate loss: -0.0034
                 Mean entropy loss: 21.7725
                       Mean reward: 49.49
               Mean episode length: 614.59
--------------------------------------------------------------------------------
                   Total timesteps: 28704768
                    Iteration time: 5.54s
                      Time elapsed: 00:16:03
                               ETA: 05:14:04

################################################################################
                     [1m Learning iteration 146/3000 [0m                      

                       Computation: 35118 steps/s (collection: 5.521s, learning 0.077s)
             Mean action noise std: 1.50
          Mean value_function loss: 0.2551
               Mean surrogate loss: -0.0054
                 Mean entropy loss: 21.8135
                       Mean reward: 55.00
               Mean episode length: 678.65
--------------------------------------------------------------------------------
                   Total timesteps: 28901376
                    Iteration time: 5.60s
                      Time elapsed: 00:16:09
                               ETA: 05:13:38

################################################################################
                     [1m Learning iteration 147/3000 [0m                      

                       Computation: 35183 steps/s (collection: 5.507s, learning 0.081s)
             Mean action noise std: 1.50
          Mean value_function loss: 0.2455
               Mean surrogate loss: -0.0015
                 Mean entropy loss: 21.8451
                       Mean reward: 52.58
               Mean episode length: 646.81
--------------------------------------------------------------------------------
                   Total timesteps: 29097984
                    Iteration time: 5.59s
                      Time elapsed: 00:16:14
                               ETA: 05:13:12

################################################################################
                     [1m Learning iteration 148/3000 [0m                      

                       Computation: 36024 steps/s (collection: 5.378s, learning 0.080s)
             Mean action noise std: 1.51
          Mean value_function loss: 0.2528
               Mean surrogate loss: -0.0041
                 Mean entropy loss: 21.8694
                       Mean reward: 51.05
               Mean episode length: 644.67
--------------------------------------------------------------------------------
                   Total timesteps: 29294592
                    Iteration time: 5.46s
                      Time elapsed: 00:16:20
                               ETA: 05:12:44

################################################################################
                     [1m Learning iteration 149/3000 [0m                      

                       Computation: 36136 steps/s (collection: 5.359s, learning 0.082s)
             Mean action noise std: 1.51
          Mean value_function loss: 0.2653
               Mean surrogate loss: -0.0046
                 Mean entropy loss: 21.9062
                       Mean reward: 53.74
               Mean episode length: 660.76
--------------------------------------------------------------------------------
                   Total timesteps: 29491200
                    Iteration time: 5.44s
                      Time elapsed: 00:16:25
                               ETA: 05:12:15

################################################################################
                     [1m Learning iteration 150/3000 [0m                      

                       Computation: 34981 steps/s (collection: 5.545s, learning 0.076s)
             Mean action noise std: 1.52
          Mean value_function loss: 0.2552
               Mean surrogate loss: -0.0035
                 Mean entropy loss: 21.9387
                       Mean reward: 52.39
               Mean episode length: 652.08
--------------------------------------------------------------------------------
                   Total timesteps: 29687808
                    Iteration time: 5.62s
                      Time elapsed: 00:16:31
                               ETA: 05:11:51

################################################################################
                     [1m Learning iteration 151/3000 [0m                      

                       Computation: 35743 steps/s (collection: 5.425s, learning 0.076s)
             Mean action noise std: 1.52
          Mean value_function loss: 0.2814
               Mean surrogate loss: -0.0008
                 Mean entropy loss: 21.9721
                       Mean reward: 50.58
               Mean episode length: 632.63
--------------------------------------------------------------------------------
                   Total timesteps: 29884416
                    Iteration time: 5.50s
                      Time elapsed: 00:16:36
                               ETA: 05:11:24

################################################################################
                     [1m Learning iteration 152/3000 [0m                      

                       Computation: 36121 steps/s (collection: 5.359s, learning 0.084s)
             Mean action noise std: 1.52
          Mean value_function loss: 0.2558
               Mean surrogate loss: -0.0033
                 Mean entropy loss: 22.0044
                       Mean reward: 47.56
               Mean episode length: 590.11
--------------------------------------------------------------------------------
                   Total timesteps: 30081024
                    Iteration time: 5.44s
                      Time elapsed: 00:16:42
                               ETA: 05:10:57
[Warning] [simulation_app.simulation_app] Modules: ['omni.kit_app'] were loaded before SimulationApp was started and might not be loaded correctly.
[Warning] [simulation_app.simulation_app] Please check to make sure no extra omniverse or pxr modules are imported before the call to SimulationApp(...)
Loading user config located at: '/home/maybe/code/rl/env_isaaclab/lib/python3.11/site-packages/omni/data/Kit/Isaac-Sim/5.0/user.config.json'
[Info] [carb] Logging to file: /home/maybe/code/rl/env_isaaclab/lib/python3.11/site-packages/omni/logs/Kit/Isaac-Sim/5.0/kit_20260719_080511.log
2026-07-19T00:05:11Z [50ms] [Warning] [omni.usd_config.extension] Enable omni.materialx.libs extension to use MaterialX
2026-07-19T00:05:11Z [397ms] [Warning] [omni.isaac.dynamic_control] omni.isaac.dynamic_control is deprecated as of Isaac Sim 4.5. No action is needed from end-users.
2026-07-19T00:05:15Z [4,044ms] [Warning] [gpu.foundation.plugin] Skipping unsupported non-NVIDIA GPU: AMD Unknown (RADV RAPHAEL_MENDOCINO)
2026-07-19T00:05:15Z [4,044ms] [Warning] [gpu.foundation.plugin] Skipping unsupported non-NVIDIA GPU: AMD Unknown (RADV RAPHAEL_MENDOCINO)

|---------------------------------------------------------------------------------------------|
| Driver Version: 580.159.03    | Graphics API: Vulkan
|=============================================================================================|
| GPU | Name                             | Active | LDA | GPU Memory | Vendor-ID | LUID       |
|     |                                  |        |     |            | Device-ID | UUID       |
|     |                                  |        |     |            | Bus-ID    |            |
|---------------------------------------------------------------------------------------------|
| 0   | NVIDIA GeForce RTX 5090          | Yes: 0 |     | 32607   MB | 10de      | 0          |
|     |                                  |        |     |            | 2b85      | 6a356e6e.. |
|     |                                  |        |     |            | 1         |            |
|---------------------------------------------------------------------------------------------|
| 1   | AMD Unknown (RADV RAPHAEL_MEND.. |        |     | 22007   MB | 1002      | 0          |
|     |                                  |        |     |            | 13c0      | 00000000.. |
|     |                                  |        |     |            | d         |            |
|=============================================================================================|
| OS: 22.04.5 LTS (Jammy Jellyfish) ubuntu, Version: 22.04.5, Kernel: 6.8.0-124-generic
| XServer Vendor: The X.Org Foundation, XServer Version: 12101004 (1.21.1.4)
| Processor: AMD Ryzen 9 9950X3D 16-Core Processor
| Cores: 16 | Logical Cores: 32
|---------------------------------------------------------------------------------------------|
| Total Memory (MB): 61925 | Free Memory: 47396
| Total Page/Swap (MB): 0 | Free Page/Swap: 0
|---------------------------------------------------------------------------------------------|
2026-07-19T00:05:17Z [6,078ms] [Warning] [gpu.foundation.plugin] CPU performance profile is set to powersave. This profile sets the CPU to the lowest frequency reducing performance.
2026-07-19T00:05:17Z [6,123ms] [Warning] [gpu.foundation.plugin] IOMMU is enabled.
2026-07-19T00:05:17Z [6,123ms] [Warning] [gpu.foundation.plugin] Detected IOMMU is enabled. Running CUDA peer-to-peer bandwidth and latency validation.
Unidirectional P2P=Enabled Bandwidth (P2P Writes) Matrix (GB/s)
   D\D     0 
     0 1556.32 
P2P=Enabled Latency (P2P Writes) Matrix (us)
   GPU     0 
     0   2.07 

   CPU     0 
     0   1.64 
2026-07-19T00:05:32Z [21,091ms] [Warning] [isaaclab.assets.articulation.articulation] Not all actuators are configured! Total number of actuated joints not equal to number of joints available: 12 != 28.
2026-07-19T00:22:52Z [1,061,510ms] [Error] [carb] 

../../../source/plugins/carb.tasking/Mutex.cpp(103): void carb::tasking::Mutex::lock()(): Assertion (m_recursive) failed: Recursion not allowed

Assertion Failed!
The following assertion condition failed in the process 455626:
	'm_recursive'

at the location:
	'../../../source/plugins/carb.tasking/Mutex.cpp'
	on line 103
	 in void carb::tasking::Mutex::lock()()

with the message:
	"Recursion not allowed"

Press ABORT to exit.
Press RETRY to debug (attach a debugger first).
Press IGNORE to attempt to continue.
